{"cameraMode":{"drawMode":0,"name":"Shaded","section":"Shading Mode"},"sceneLighting":true,"audioPlay":false,"sceneViewState":{"showFog":true,"showMaterialUpdate":false,"showSkybox":true,"showFlares":true,"showImageEffects":true,"showParticleSystems":true},"in2DMode":false,"pivot":{"x":-2.4907732009887697,"y":-10.006669998168946,"z":12.695246696472168},"rotation":{"x":-0.3267587125301361,"y":0.052014242857694629,"z":-0.01800519786775112,"w":-0.9437596201896668},"size":10.0,"orthographic":false}